day,precio
2017-01-01,17.118518518518517
2017-01-02,18.25
2017-01-05,17.67
2017-01-08,18.25
2017-01-09,16.85
2017-01-10,17.605
2017-01-11,17.396575342465756
2017-01-12,17.669391592920352
2017-01-13,17.625
2017-01-14,17.515
2017-01-16,17.78
2017-01-17,16.47222222222222
2017-01-18,18.355
2017-01-19,17.279999999999998
2017-01-20,17.7
2017-01-24,17.29
2017-01-26,17.130000000000003
2017-01-28,17.59
2017-01-29,17.97
2017-01-31,17.36111111111111
2017-02-01,17.84952380952381
2017-02-02,17.47947368421053
2017-02-03,17.549999999999997
2017-02-04,17.552500000000002
2017-02-05,16.85
2017-02-06,16.781666666666666
2017-02-07,17.927543749999998
2017-02-08,17.820731707317073
2017-02-09,17.978978723404254
2017-02-10,17.76394625
2017-02-11,17.81470588235294
2017-02-12,17.0
2017-02-13,18.062
2017-02-14,17.601666666666667
2017-02-15,17.216666666666665
2017-02-16,17.434
2017-02-17,17.938181818181818
2017-02-18,17.73
2017-02-20,17.688181818181818
2017-02-21,18.055714285714284
2017-02-22,16.3825
2017-02-23,17.386363636363637
2017-02-24,17.7925
2017-02-25,18.09
2017-02-28,17.51
2017-03-01,17.883018867924527
2017-03-02,17.283846153846152
2017-03-03,17.653333333333332
2017-03-04,17.8675
2017-03-05,17.59
2017-03-06,17.67780303030303
2017-03-07,17.499000000000002
2017-03-08,17.980869565217393
2017-03-09,17.99104625
2017-03-10,17.782972972972974
2017-03-11,16.978
2017-03-12,16.955
2017-03-13,17.943
2017-03-14,17.576740331491713
2017-03-15,17.58
2017-03-16,17.77
2017-03-17,17.881999999999998
2017-03-18,17.29
2017-03-20,17.615
2017-03-21,17.56157894736842
2017-03-22,17.9575
2017-03-23,17.75967391304348
2017-03-24,18.25
2017-03-25,17.830000000000002
2017-03-26,18.21
2017-03-27,17.655217391304348
2017-03-28,17.4979649122807
2017-03-29,17.72346153846154
2017-03-30,17.656060365369342
2017-03-31,17.972857142857144
2017-04-01,16.76125
2017-04-03,16.73
2017-04-04,17.93
2017-04-05,17.21642969984202
2017-04-06,17.716875
2017-04-07,17.229375
2017-04-08,17.49
2017-04-10,17.39
2017-04-12,16.34
2017-04-17,17.3375
2017-04-19,17.75
2017-04-20,17.26
2017-04-21,17.67
2017-04-25,16.99
2017-04-26,15.344999999999999
2017-04-28,17.025
2017-05-01,17.582
2017-05-02,17.05
2017-05-03,17.69
2017-05-04,16.9
2017-05-05,17.78
2017-05-10,16.85
2017-05-15,17.26
2017-05-17,17.74
2017-05-19,18.25
2017-06-05,16.87
2017-06-07,17.78
2017-06-08,17.8
2017-06-13,13.35
2017-07-01,17.978571428571428
2017-07-02,18.193581475128646
2017-07-03,18.627735849056602
2017-07-04,18.476666666666667
2017-07-05,18.375
2017-07-06,18.143333333333334
2017-07-07,18.875
2017-07-08,18.538
2017-07-10,17.69
2017-07-11,19.5
2017-07-12,18.68
2017-07-24,18.2
2017-08-01,18.38
2017-08-03,17.2
2017-08-04,18.38
2017-08-06,18.85
2017-08-10,18.49
2017-08-11,17.37
2017-08-14,18.85
2017-09-05,18.72
2017-09-21,19.29
2017-09-28,18.9
2017-09-29,18.55333333333333
2017-10-03,18.54
2017-10-04,20.95
2017-10-05,19.195
2017-10-06,18.49
2017-10-09,18.296363636363637
2017-10-10,18.5
2017-10-11,18.2
2017-10-18,18.516666666666666
2017-10-19,17.88
2017-10-20,18.07
2017-10-22,18.73
2017-10-23,19.831264290517822
2017-10-24,20.378888888888888
2017-10-25,20.062
2017-10-26,20.073333333333334
2017-10-27,19.58
2017-10-30,19.936
2017-10-31,20.875
2017-11-01,20.824
2017-11-02,20.25
2017-11-03,20.44333333333333
2017-11-04,19.8
2017-11-06,19.62
2017-11-07,19.39
2017-11-08,20.08666666666667
2017-11-09,20.4
2017-11-10,20.134999999999998
2017-11-30,19.84
2017-12-01,18.09
2017-12-02,21.024054514480408
2017-12-03,21.68
2017-12-04,21.39
2017-12-05,21.153333333333332
2017-12-06,21.566666666666666
2017-12-07,20.816666666666666
2017-12-12,21.616666666666664
2017-12-13,21.365000000000002
2017-12-16,21.65
2017-12-20,22.16
2017-12-26,21.78
2018-01-02,26.16
2018-01-03,20.61
2018-01-05,21.026190476190475
2018-01-06,21.05
2018-01-09,21.075384615384618
2018-01-10,21.50714285714286
2018-01-11,19.59
2018-01-13,21.8675
2018-01-14,22.68
2018-01-15,22.97
2018-01-16,21.600625
2018-01-17,22.683333333333334
2018-01-18,22.277272727272727
2018-01-19,21.958
2018-01-22,22.363333333333333
2018-01-23,21.1925
2018-01-24,21.881264445955132
2018-01-25,21.93
2018-01-26,22.165
2018-01-27,22.163333333333338
2018-01-31,21.7525
2018-02-01,22.39
2018-02-02,22.8175
2018-02-04,22.083333333333332
2018-02-05,22.03333333333333
2018-02-06,22.66012615069894
2018-02-07,23.057826086956524
2018-02-08,22.84
2018-02-09,23.06368421052632
2018-02-10,23.020000000000003
2018-02-13,22.41
2018-02-14,23.25
2018-02-15,23.695
2018-02-22,20.27
2018-02-28,24.49
2018-03-01,23.744545454545456
2018-03-02,22.47
2018-03-06,22.234545454545454
2018-03-08,22.96
2018-03-13,23.626
2018-03-20,23.47
2018-03-26,22.37
2018-03-28,23.2
2018-04-05,24.128823529411765
2018-04-06,24.485
2018-04-07,24.305
2018-04-10,23.505
2018-04-11,23.25180829367777
2018-04-12,22.926
2018-04-13,22.872857142857146
2018-04-14,23.975
2018-04-16,25.439999999999998
2018-04-17,22.56
2018-04-19,23.455
2018-04-25,23.07
2018-04-26,23.59
2018-04-30,23.99
2018-05-02,23.625
2018-05-03,23.9025
2018-05-04,24.005
2018-05-06,29.5
2018-05-08,23.67
2018-05-11,24.79
2018-05-16,24.98
2018-05-19,23.673333333333332
2018-05-21,24.38
2018-05-24,24.709999999999997
2018-05-28,25.98
2018-05-30,23.99
2018-06-01,23.62
2018-06-02,24.307305107526883
2018-06-03,24.38
2018-06-04,24.69538461538462
2018-06-05,24.4
2018-06-06,25.14
2018-06-07,24.875
2018-06-08,24.976
2018-06-09,25.25
2018-06-11,25.21
2018-06-13,26.79
2018-06-16,26.03333333333333
2018-06-20,25.87
2018-06-21,25.59
2018-06-22,26.253333333333334
2018-06-27,27.99
2018-06-29,27.810000000000002
2018-06-30,26.3
2018-07-01,25.536272169167805
2018-07-02,25.030555555555555
2018-07-03,26.274210526315787
2018-07-04,27.085555555555555
2018-07-05,26.934285714285714
2018-07-06,26.08
2018-07-07,25.867172011661808
2018-07-08,25.488861788617886
2018-07-09,27.714709677419354
2018-07-10,26.214
2018-07-11,26.89139072847682
2018-07-12,26.240954545454546
2018-07-13,27.250999999999998
2018-07-14,27.078715953307395
2018-07-15,26.558988764044944
2018-07-16,27.638333333333332
2018-07-17,28.365
2018-07-18,28.43
2018-07-19,28.2
2018-07-21,26.89
2018-07-23,28.7825
2018-07-24,25.65
2018-07-25,28.97
2018-08-01,27.58666666666667
2018-08-02,27.009999999999998
2018-08-03,27.99
2018-08-04,25.78
2018-08-05,27.662771739130434
2018-08-06,28.340249999999997
2018-08-07,28.665366666666667
2018-08-08,26.259661016949153
2018-08-09,29.27972727272727
2018-08-10,27.26484662576687
2018-08-11,28.29
2018-08-13,33.25
2018-08-14,26.99
2018-08-15,29.0
2018-08-17,29.425
2018-08-18,29.22666666666667
2018-08-19,28.00596851471595
2018-08-20,29.62
2018-08-21,29.79
2018-08-22,29.23909090909091
2018-08-23,29.676
2018-08-24,29.27333333333333
2018-08-25,29.240000000000002
2018-08-27,27.22
2018-08-28,28.57
2018-08-29,28.15
2018-08-30,27.76
2018-08-31,28.94125
2018-09-01,28.516610398379473
2018-09-02,30.130000000000003
2018-09-03,30.49675
2018-09-04,30.88042660396372
2018-09-05,31.3664
2018-09-06,31.873333333333335
2018-09-07,31.505
2018-09-10,32.601111111111116
2018-09-11,31.675138607167003
2018-09-12,33.13818181818181
2018-09-13,32.564
2018-09-14,32.800000000000004
2018-09-17,31.23
2018-09-18,33.080000000000005
2018-09-19,34.445
2018-09-20,32.575
2018-09-27,33.8
2018-09-28,34.99
2018-09-29,34.893846153846155
2018-09-30,34.59966847090663
2018-10-01,35.54052631578947
2018-10-02,34.6545
2018-10-03,36.399
2018-10-04,36.181666666666665
2018-10-05,35.8475
2018-10-06,36.98
2018-10-07,38.9
2018-10-09,34.31
2018-10-10,33.15
2018-10-11,33.54
2018-10-16,35.59
2018-10-17,34.95
2018-10-18,35.385
2018-10-23,35.69
2018-10-25,34.42
2018-11-01,39.849999999999994
2018-11-02,38.2276
2018-11-03,36.36
2018-11-04,35.75830957230142
2018-11-05,37.160714285714285
2018-11-06,37.48500000000001
2018-11-07,36.64833333333333
2018-11-08,35.975
2018-11-10,36.178
2018-11-12,37.656
2018-11-13,34.6
2018-11-14,36.94375
2018-11-15,36.92
2018-11-16,37.315
2018-11-21,36.975
2018-11-27,37.370000000000005
2018-11-30,36.36
2018-12-02,35.29
2018-12-03,36.912939783491204
2018-12-04,37.17375
2018-12-05,37.846666666666664
2018-12-06,37.6775
2018-12-07,37.449999999999996
2018-12-08,38.31
2018-12-10,37.843333333333334
2018-12-12,37.7725
2018-12-13,36.56
2018-12-14,36.98
2018-12-17,37.59
2018-12-19,37.115
2018-12-21,37.115
2018-12-26,36.65
2018-12-27,37.115
2018-12-29,37.99
2018-12-31,37.41
2019-01-01,36.59307692307692
2019-01-02,27.45
2019-01-03,37.24
2019-01-04,36.99
2019-01-07,36.547957604306866
2019-01-08,37.470000000000006
2019-01-09,37.317692307692305
2019-01-10,36.72529411764706
2019-01-11,35.99
2019-01-14,36.54
2019-01-16,37.43
2019-01-17,36.1875
2019-01-22,37.115
2019-01-25,35.99
2019-01-26,35.99
2019-01-29,37.24
2019-02-01,36.99
2019-02-03,37.735
2019-02-04,37.6
2019-02-05,37.161531501340484
2019-02-06,38.479166666666664
2019-02-07,38.67
2019-02-08,37.5775
2019-02-09,37.196666666666665
2019-02-10,38.0
2019-02-14,37.31
2019-02-20,38.24
2019-02-28,38.0275
2019-03-01,38.214285714285715
2019-03-02,39.4425
2019-03-04,39.0
2019-03-05,38.99
2019-03-06,38.73
2019-03-07,39.34
2019-03-08,41.195
2019-03-09,38.555
2019-03-12,36.37
2019-03-13,39.21125
2019-03-14,40.5
2019-03-15,39.47
2019-03-18,38.1
2019-03-22,38.47
2019-03-23,42.16
2019-03-29,40.99
2019-03-30,42.405
2019-03-31,40.11138554216868
2019-04-01,40.91
2019-04-02,42.095
2019-04-03,41.15777777777778
2019-04-04,42.80666666666667
2019-04-05,41.096666666666664
2019-04-08,40.89
2019-04-10,43.699999999999996
2019-04-15,47.88
2019-04-16,43.18333333333334
2019-04-18,41.15
2019-04-29,45.879999999999995
2019-04-30,41.98075297225892
2019-05-01,41.5175
2019-05-02,42.938125
2019-05-03,42.824285714285715
2019-05-04,40.792857142857144
2019-05-05,44.39
2019-05-06,42.73
2019-05-08,41.599999999999994
2019-05-09,42.696666666666665
2019-05-10,40.99
2019-05-22,43.44
2019-05-29,43.355000000000004
2019-05-30,42.49
2019-05-31,42.20333333333334
2019-06-01,42.64023841059603
2019-06-02,44.653333333333336
2019-06-03,43.21
2019-06-04,43.512857142857136
2019-06-05,45.425
2019-06-10,43.39
2019-06-11,43.255
2019-06-12,43.91
2019-06-13,43.724999999999994
2019-06-29,43.44
2019-06-30,52.07
2019-07-01,43.37982905982906
2019-07-02,44.20333333333334
2019-07-03,44.208571428571425
2019-07-05,44.8775
2019-07-08,43.86666666666667
2019-07-09,44.05
2019-07-11,42.29
2019-07-21,45.35
2019-07-22,44.040000000000006
2019-07-23,43.74
2019-07-25,42.77
2019-07-29,42.64
2019-08-07,44.13
2019-08-13,48.93
2019-08-15,44.51
2019-08-16,45.65
2019-08-19,44.7
2019-08-26,42.25
2019-08-31,43.95
2019-09-02,50.8
2019-09-04,41.89
2019-09-05,54.99
2019-09-08,48.96
2019-09-09,48.7
2019-09-11,55.0
2019-09-13,50.905
2019-09-18,45.9225
2019-09-19,45.158727984344424
2019-09-20,47.105000000000004
2019-09-23,46.95666666666667
2019-09-24,46.24
2019-09-30,47.45333333333334
2019-10-01,45.57
2019-10-03,46.94
2019-10-05,52.8
2019-10-10,44.34
2019-10-15,52.5
2019-10-17,45.34
2019-10-22,49.96
2019-11-01,47.43854274611399
2019-11-02,51.122
2019-11-04,51.895
2019-11-05,47.83
2019-11-09,47.965
2019-11-10,37.86
2019-11-11,47.79
2019-11-12,49.23
2019-11-14,49.84202903225807
2019-11-15,60.99
2019-11-16,50.536
2019-11-19,51.6625
2019-11-21,51.29
2019-11-26,50.385000000000005
2019-11-30,50.9
2019-12-01,53.1401832460733
2019-12-02,53.33894736842105
2019-12-03,54.494615384615386
2019-12-04,57.593333333333334
2019-12-05,55.99
2019-12-06,53.48
2019-12-07,53.49
2019-12-09,53.99
2019-12-10,52.69
2019-12-12,53.6
2019-12-17,60.99
2019-12-18,56.31
2019-12-23,52.39
2019-12-24,54.09
2020-01-01,53.27
2020-01-02,53.14
2020-01-04,52.663225806451614
2020-01-06,52.14
2020-01-09,52.480000000000004
2020-01-16,54.25
2020-01-21,56.7
2020-01-24,54.47
2020-01-28,52.09
2020-01-31,53.59
2020-02-04,53.59
2020-02-06,52.74
2020-02-07,57.315
2020-02-08,54.99
2020-02-10,53.39
2020-02-11,54.09
2020-02-28,53.667500000000004
2020-03-02,53.23
2020-03-03,55.45
2020-03-04,54.15
2020-03-05,50.04
2020-03-09,55.29
2020-03-13,58.0
2020-03-25,55.79
2020-03-31,55.79
2020-04-03,51.0
2020-04-04,53.5
2020-04-20,55.24
2020-05-01,55.33
2020-05-12,52.04
2020-05-20,53.14
2020-06-01,55.375
2020-07-07,55.49
2020-07-08,54.49
2020-07-23,52.19
2020-08-03,51.75
2020-08-05,53.32
2020-08-18,54.47
2020-08-19,55.62053915275995
2020-08-20,56.3825
2020-08-21,56.260000000000005
2020-08-24,54.54
2020-09-01,56.35
2020-09-03,54.895
2020-09-05,55.99
2020-09-19,57.90824662813102
2020-09-20,58.475
2020-09-21,59.54
2020-09-22,58.739999999999995
2020-09-23,58.94857142857143
2020-09-24,57.45
2020-09-25,57.225
2020-09-26,59.03
2020-09-28,57.54
2020-10-02,59.34
2020-10-03,57.5
2020-10-06,59.85
2020-10-16,60.103883557261675
2020-10-17,58.70875
2020-10-19,60.826666666666675
2020-10-20,61.42
2020-10-21,60.4
2020-10-22,60.79
2020-10-23,59.19
2020-10-24,59.0
2020-10-25,60.13
2020-10-27,61.78
2020-10-30,60.1
2020-11-03,62.93717948717948
2020-11-04,63.05553571428572
2020-11-05,62.43243902439024
2020-11-06,63.3
2020-11-07,62.08615384615385
2020-11-08,62.209583333333335
2020-11-12,63.2
2020-11-16,63.38
2020-11-23,62.12083574413372
2020-11-24,63.32899999999999
2020-11-25,61.506249999999994
2020-11-26,61.85
2020-11-27,62.65714285714286
2020-11-30,64.8
2020-12-02,61.1
2020-12-03,62.05
2020-12-08,62.0
2020-12-09,64.9
2020-12-11,62.5
2020-12-16,65.24340357598979
2020-12-17,65.602
2020-12-18,66.5
2020-12-21,67.55
2020-12-23,67.2
2020-12-26,67.4
2020-12-27,66.586875
2020-12-28,66.64666666666666
2020-12-29,68.6
2020-12-30,65.44893709327549
2020-12-31,64.55358024691358
2021-01-01,68.0
2021-01-02,68.1
2021-01-04,66.93333333333334
2021-01-05,67.7332972972973
2021-01-06,69.28287012987013
2021-01-07,68.2
2021-01-08,67.13004032258064
2021-01-09,68.9578947368421
2021-01-10,68.15442211055277
2021-01-11,68.612
2021-01-12,69.36500000000001
2021-01-13,69.93333333333334
2021-01-15,68.16333333333334
2021-01-16,70.72349236641222
2021-01-17,70.56952380952382
2021-01-18,71.7525
2021-01-19,70.25
2021-01-21,72.69725085910653
2021-01-22,71.60000000000001
2021-01-23,73.5
2021-01-24,72.87608695652173
2021-01-25,74.05
2021-01-26,72.5
2021-01-27,72.35
2021-01-29,68.6
2021-01-30,67.96923076923078
2021-01-31,71.65102564102564
2021-02-01,73.2539629865986
2021-02-02,75.26
2021-02-03,70.71000000000001
2021-02-04,71.63333333333334
2021-02-05,75.85000000000001
2021-02-06,74.8848167539267
2021-02-07,74.3279588336192
2021-02-08,76.05
2021-02-09,76.19
2021-02-10,77.8
2021-02-12,70.55833333333334
2021-02-14,76.01443076923077
2021-02-15,73.41499241274659
2021-02-16,75.5
2021-02-17,74.89999999999999
2021-02-18,75.675
2021-02-19,71.51428571428572
2021-02-24,73.9
2021-02-25,75.2
2021-02-26,76.4
2021-02-28,77.0
2021-03-01,77.78
2021-03-02,74.75
2021-03-06,76.9
2021-03-09,77.6
2021-03-15,80.2
2021-03-16,80.24524111675127
2021-03-17,81.55000000000001
2021-03-18,81.25
2021-03-25,83.99
2021-03-27,81.4
2021-03-31,76.0
2021-04-03,76.0
2021-04-06,84.43333333333334
2021-04-09,83.85
2021-04-10,76.0
2021-04-14,82.6
2021-04-17,85.15879365079365
2021-04-18,88.9
2021-04-19,87.96000000000001
2021-04-20,90.5
2021-04-21,85.55000000000001
2021-04-30,85.43
2021-05-04,87.2
2021-05-11,86.6
2021-05-14,89.9
2021-05-15,86.525
2021-05-16,89.70337364735838
2021-05-17,91.05454545454546
2021-05-18,91.1
2021-05-19,91.5
2021-05-28,87.63166666666666
2021-05-29,90.56
2021-05-31,88.5
2021-06-01,88.6
2021-06-02,91.1
2021-06-04,90.8
2021-06-30,87.7
2021-07-01,90.06666666666668
2021-07-03,91.78
2021-07-07,91.5
2021-07-10,92.8
2021-07-16,90.0
2021-07-26,91.4
2021-08-04,86.3
2021-08-09,89.2
2021-08-17,92.2
2021-08-21,92.4
2021-08-23,86.6
2021-09-04,86.90000000000002
2021-09-06,92.5
2021-09-09,89.2
2021-09-16,92.53333333333335
2021-10-06,88.4
2021-10-07,95.3
2021-10-22,91.4
2021-10-29,0.0
2021-11-02,90.8
2021-11-03,96.5
2021-11-12,60.898
2021-11-24,97.4
2021-12-10,93.0
2021-12-12,92.1
2022-01-03,91.3
2022-01-04,91.03703703703704
2022-01-07,91.1
2022-01-11,94.8
2022-01-14,91.9
2022-01-27,85.3
2022-02-02,98.35949843260188
2022-02-03,97.00425531914894
2022-02-04,98.93333333333334
2022-02-07,116.0
2022-02-08,97.5
2022-02-12,99.9
2022-02-14,103.7
2022-02-16,113.038583457157
2022-02-18,97.2
2022-02-21,105.0
2022-03-03,99.22307692307693
2022-03-14,109.75313676286073
2022-03-15,112.39999999999999
2022-03-16,113.16666666666667
2022-03-17,116.9
2022-03-18,114.0
2022-03-19,129.0
2022-03-21,106.6
2022-03-28,120.0
2022-03-29,112.3
2022-03-30,115.0
2022-03-31,139.0
2022-04-01,109.1
2022-04-07,126.0
2022-04-08,110.3
2022-04-09,104.7
2022-04-21,168.0
2022-04-23,130.0
2022-04-24,124.5
2022-04-26,140.0
2022-05-03,119.9
2022-05-07,127.3
2022-05-08,133.45
2022-05-09,122.25344180225282
2022-05-10,131.2941176470588
2022-05-11,122.15
2022-05-12,128.3
2022-05-13,141.29999999999998
2022-05-14,125.9
2022-05-20,132.5
2022-05-22,127.80710059171598
2022-05-25,126.5
2022-05-26,145.2
2022-05-28,125.23333333333333
2022-05-30,146.1
2022-06-01,165.0
2022-06-02,127.6125
2022-06-03,134.2
2022-06-05,154.9
2022-06-06,127.03015873015873
2022-06-07,143.125
2022-06-10,165.0
2022-06-11,130.11661971830986
2022-06-12,130.8983136593592
2022-06-13,130.23333333333335
2022-06-14,155.35000000000002
2022-06-16,141.80943396226414
2022-06-17,152.575
2022-06-18,145.44
2022-06-21,152.07999999999998
2022-06-22,152.15
2022-06-23,140.67999999999998
2022-06-24,184.9
2022-06-27,133.6
2022-06-28,149.7
2022-06-29,132.4
2022-07-03,188.8
2022-07-05,152.5
2022-07-06,134.1
2022-07-10,215.0
2022-07-14,134.7
2022-07-16,158.5
2022-07-20,133.8
2022-07-26,181.4
2022-08-01,137.3
2022-08-02,137.3
2022-08-03,0.0
2022-08-05,149.7
2022-08-08,141.5
2022-08-09,68.65
2022-08-21,152.21522012578617
2022-08-22,162.40769230769232
2022-08-23,151.85
2022-08-24,149.28709677419354
2022-08-25,156.36
2022-09-01,146.32000000000002
2022-09-02,158.2
2022-09-05,160.8
2022-09-06,159.2
2022-09-07,163.2
2022-09-09,0.0
2022-09-10,152.2
2022-09-12,146.0
2022-09-13,160.8
2022-09-15,175.0
2022-10-01,164.42543640897756
2022-10-02,190.525
2022-10-03,178.53333333333333
2022-10-04,172.5
2022-10-05,108.33333333333333
2022-10-06,163.9842105263158
2022-10-12,174.5
2022-10-18,164.9
2022-10-31,176.6
2022-11-01,154.55384615384617
2022-11-02,154.1
2022-11-03,178.21011166253103
2022-11-04,181.13478260869567
2022-11-07,0.0
2022-11-09,179.9
2022-11-12,189.9
2022-11-30,192.5
2022-12-01,214.03333333333333
2022-12-02,201.4
2022-12-03,218.2
2022-12-04,186.09217772215268
2022-12-05,193.698
2022-12-06,170.88333333333333
2022-12-07,193.51176470588234
2022-12-13,197.5
2023-01-03,172.9
2023-01-04,175.9
2023-01-05,177.521568627451
2023-01-07,175.3
2023-01-10,185.5
2023-01-15,210.5
2023-01-16,194.53612079701122
2023-01-17,197.64249999999998
2023-01-18,203.10000000000002
2023-01-19,207.2
2023-01-24,0.0
2023-01-25,202.1
2023-01-27,182.9
2023-01-31,171.8
2023-02-01,193.4
2023-02-03,250.0
2023-02-08,203.8
2023-02-14,181.1
2023-02-15,220.2
2023-02-16,204.55466790237872
2023-02-17,206.2047619047619
2023-02-22,205.8
2023-02-23,214.10000000000002
2023-03-02,192.33076923076925
2023-03-15,238.2
2023-03-16,213.0675650557621
2023-03-17,208.4536231884058
2023-03-18,204.7
2023-03-19,202.9
2023-03-20,232.0
2023-03-21,217.825
2023-04-04,227.3
2023-04-14,241.6
2023-04-16,224.32730661696178
2023-04-17,232.33333333333334
2023-04-18,241.63333333333333
2023-04-19,216.25
2023-04-20,222.2
2023-04-21,237.10000000000002
2023-04-22,232.4
2023-05-03,214.13333333333333
2023-05-16,255.0
2023-05-17,235.40760667903524
2023-05-18,232.39938053097347
2023-05-19,236.83333333333334
2023-05-20,246.0
2023-05-25,272.7
2023-06-01,227.9
2023-06-02,250.2
2023-06-08,235.0
2023-06-10,244.8
2023-06-15,267.5
2023-06-17,249.45185873605948
2023-06-18,265.2
2023-06-19,240.3
2023-06-21,256.34000000000003
2023-06-23,244.0
2023-06-28,238.5
2023-06-29,266.6
2023-07-03,352.5
2023-07-04,235.6
2023-07-05,260.2
2023-07-08,260.6141620284477
2023-07-10,272.68571428571425
2023-07-11,248.7
2023-07-13,250.4
2023-07-17,253.1
2023-07-18,253.3
2023-07-31,280.2
2023-08-01,300.2
2023-08-02,272.2901144
2023-08-03,277.1333333333333
2023-08-04,310.0
2023-08-08,269.2
2023-08-14,315.2
2023-08-15,332.6
2023-08-16,346.4
2023-08-18,306.31425046267736
2023-08-19,304.95
2023-08-22,333.4
2023-08-26,339.6
2023-09-02,289.6
2023-09-12,284.2
2023-09-14,342.7
2023-09-27,354.29999999999995
2023-09-28,369.0
2023-09-29,345.9
2023-10-04,367.45
2023-10-10,329.6
2023-10-11,294.4
2023-10-13,308.0
2023-10-18,355.9
2023-10-19,385.0
2023-10-23,315.57757875231624
2023-10-24,304.0
2023-10-25,342.325
2023-10-26,357.3333333333333
2023-10-27,370.2
2023-10-31,339.0
2023-11-01,345.9044253226798
2023-11-02,352.7105263157895
2023-11-03,364.0
2023-11-04,355.8
2023-11-06,425.8
2023-11-07,434.9
2023-11-08,434.5
2023-11-17,379.0
2023-11-25,389.0170882171499
2023-11-26,427.9
2023-11-27,407.1666666666667
2023-11-28,424.5
2023-11-30,478.0
2023-12-01,424.65
2023-12-05,374.0
2023-12-06,378.5
2023-12-08,482.9616142945163
2023-12-09,474.5
2023-12-11,497.325
2023-12-12,477.0
2023-12-13,662.2147277227723
2023-12-14,670.1034482758621
2023-12-15,653.0
2023-12-23,640.0
2023-12-29,735.0
2023-12-31,779.0
2024-01-02,785.5
2024-01-03,834.0551447935921
2024-01-04,825.3863636363636
2024-01-06,869.0
2024-01-08,923.0
2024-01-09,918.0
2024-01-11,856.0
2024-01-12,879.0
2024-01-19,817.6358823529412
2024-01-20,825.0
2024-01-31,918.75
2024-02-01,886.2398273736128
2024-02-02,894.3863636363636
2024-02-05,911.0
2024-02-06,937.0
2024-02-07,911.0
2024-02-08,887.609756097561
2024-02-09,964.5
2024-02-10,920.0
2024-02-16,878.0
2024-02-29,924.0
2024-03-01,867.4634146341464
2024-03-02,954.0432098765432
2024-03-04,957.0
2024-03-05,966.0
2024-03-06,947.75
2024-03-08,939.0
2024-03-12,960.0
2024-03-14,937.0
2024-03-15,938.0
2024-03-16,995.0
2024-03-23,970.75
2024-03-26,1048.0
2024-03-31,995.0
2024-04-01,998.5566502463054
2024-04-02,1042.0
2024-04-03,1010.125
2024-04-04,1017.027027027027
2024-04-05,982.0
2024-04-08,1035.0
2024-04-09,1024.0
2024-04-10,1090.0
2024-04-11,946.5
2024-04-30,1024.0
2024-05-01,1038.6493827160493
2024-05-02,1052.3
2024-05-03,1040.5887096774193
2024-05-04,1091.0
2024-05-05,1150.0
2024-05-06,1027.0
2024-05-07,1021.9
2024-05-10,1012.0
2024-05-14,988.0
2024-05-16,993.0
2024-05-20,1052.0
2024-05-21,1047.0
2024-05-23,1030.0
2024-05-25,1028.0
2024-05-28,1037.0
2024-05-30,1075.0
2024-05-31,1084.0
2024-06-01,1066.092581238504
2024-06-02,1094.0
2024-06-04,1063.498817966903
2024-06-05,1106.0
2024-06-06,1087.0
2024-06-10,1055.0
2024-06-13,1032.0
2024-06-14,1064.0
2024-06-26,1054.0
2024-06-27,1018.0
2024-06-28,1054.0
2024-06-30,1112.0
2024-07-01,1099.4710189139719
2024-07-02,1127.0
2024-07-03,1074.611111111111
2024-07-12,1052.0
2024-07-16,1111.857142857143
2024-07-26,1127.0
2024-07-31,1145.0
2024-08-01,1123.865181711606
2024-08-02,1075.0
2024-08-03,1119.0
2024-08-05,1160.0
2024-08-06,1099.0
2024-08-20,1118.0
2024-08-31,1174.0
2024-09-01,1154.1470227133211
2024-09-02,1165.1818181818182
2024-09-03,1111.909090909091
2024-09-04,1179.0
2024-09-05,1111.0
2024-09-09,1108.0
2024-09-12,1163.0
2024-09-17,1123.0
2024-09-30,1198.0
2024-10-01,1131.5466365178067
2024-10-02,1085.9285714285713
2024-10-03,1086.0
2024-10-21,1174.0
2024-10-31,1174.0
2024-11-01,1164.305860805861
2024-11-02,1194.5
2024-11-06,1400.0
2024-11-09,1198.0
2024-11-11,1186.0
2024-11-30,1207.0
2024-12-01,1186.80271270037
2024-12-02,1239.6666666666667
2024-12-03,1203.6666666666667
2024-12-10,1160.5
2024-12-26,1140.0
2024-12-31,1224.0
2025-01-01,1246.0
2025-01-03,1209.299938912645
2025-01-04,1231.5
2025-01-07,1157.2916666666667
2025-01-08,1214.0
2025-01-09,1193.0
2025-01-14,1225.5
2025-01-16,1160.0
2025-01-18,1237.0
2025-01-31,1246.0
2025-02-01,1230.1191616766466
2025-02-03,1261.5
2025-02-04,1249.5
2025-02-05,1263.0
2025-02-07,1276.0
2025-02-10,1217.0
2025-02-13,1206.5
2025-02-28,1271.0
2025-03-01,1259.7998764669549
2025-03-02,1192.0
2025-03-03,1293.0
2025-03-04,1325.0
2025-03-05,1286.0
2025-03-08,1207.0
2025-03-11,1240.0
2025-03-31,1300.0
2025-04-01,1282.8129052176598
2025-04-02,1313.6666666666667
2025-04-03,1295.5
2025-04-06,1349.0
2025-04-07,1262.0
2025-04-09,1450.0
2025-04-17,1323.0
2025-04-30,1323.0
2025-05-01,1244.2423493044823
2025-05-02,1268.0
2025-05-05,1309.0
2025-05-06,1244.0
2025-05-07,1242.4
2025-05-08,1191.0
2025-05-12,1223.0
2025-05-14,1250.0506955177743
2025-05-16,1236.0
2025-05-22,1285.264705882353
2025-05-31,1289.0
2025-06-01,1264.2256680963378
2025-06-02,1262.1538461538462
2025-06-03,1322.0
2025-06-06,1095.0
2025-06-09,1244.0
2025-06-23,1210.0
2025-07-01,1322.8563829787233
2025-07-02,1275.6666666666667
2025-07-08,1353.0
2025-07-11,1310.0
2025-07-18,1335.0
2025-07-19,1251.0
2025-07-20,1360.6601307189542
2025-07-21,1337.8947368421052
2025-07-22,1327.0
2025-07-25,1368.0
2025-07-28,1396.0
2025-07-29,1347.64
2025-07-30,1337.75
2025-07-31,1303.4285714285713
2025-08-01,1368.2
2025-08-02,1369.6
2025-08-03,1368.0
2025-08-04,1345.7222222222222
2025-08-05,1386.0
2025-08-06,1361.9
2025-08-07,1365.842105263158
2025-08-08,1353.0
2025-08-09,1348.6666666666667
2025-08-10,1385.888888888889
2025-08-11,1382.3529411764705
2025-08-12,1364.7
2025-08-13,1396.5555555555557
2025-08-14,1401.7777777777778
2025-08-15,1415.5555555555557
2025-08-16,1369.8333333333333
2025-08-17,1411.0
2025-08-18,1434.4
2025-08-19,1419.2857142857142
2025-08-20,1437.6
2025-08-21,1420.142857142857
2025-08-22,1445.625
2025-08-23,1467.0
2025-08-24,1406.0
2025-08-25,1449.6666666666667
2025-08-26,1458.2727272727273
2025-08-27,1445.75
2025-08-28,1466.6666666666667
2025-08-29,1468.5555555555557
2025-08-30,1482.6666666666667
2025-08-31,1471.375
2025-09-01,1476.6666666666667
